Destination Port,Flow Duration,Total Fwd Packets,Total Length of Fwd Packets,Fwd Packet Length Max,Fwd Packet Length Min,Fwd Packet Length Mean,Bwd Packet Length Max,Bwd Packet Length Min,Flow Bytes/s,Flow Packets/s,Flow IAT Mean,Flow IAT Std,Flow IAT Min,Fwd IAT Mean,Fwd IAT Min,Bwd IAT Total,Bwd IAT Mean,Bwd IAT Std,Bwd IAT Min,Fwd PSH Flags,Fwd URG Flags,Fwd Header Length,Bwd Header Length,Bwd Packets/s,Min Packet Length,Packet Length Variance,FIN Flag Count,RST Flag Count,PSH Flag Count,ACK Flag Count,URG Flag Count,Down/Up Ratio,Init_Win_bytes_forward,Init_Win_bytes_backward,Active Mean,Active Std,Active Max,Active Min,Idle Std,True_Label,RF_Pred,XGB_Pred,ISO_Score,Zero_Day_Flag
1,43,1,2,2,2,2.0,6,6,186046.5116,46511.62791,43.0,0.0,43,0.0,0,0,0.0,0.0,0,0,0,24,20,23255.81395,2,5.333333333,0,0,1,0,0,1,1024,0,0.0,0.0,0,0,0.0,PortScan,PortScan,PortScan,-0.04199621427704486,False
80,82887126,5,365,353,0,73.0,10136,0,144.2926131,0.132710597,8288712.6,26200000.0,42,20700000.0,998,82900000,16600000.0,37000000.0,64,0,0,144,200,0.072387599,0,8457085.606,1,0,0,0,0,1,0,235,11003.0,0.0,11003,11003,0.0,DoS Hulk,DoS Hulk,DoS Hulk,-0.42200970552060135,False
80,117696230,8,376,376,0,47.0,4344,0,101.7109894,0.118950284,9053556.154,32600000.0,1,16800000.0,1,140485,28097.0,57206.85938,54,0,0,264,200,0.050978693,0,2325269.781,0,0,0,1,0,0,251,235,6.0,0.0,6,6,0.0,DoS Hulk,DoS Hulk,DoS Hulk,-0.4231078906729566,False
8080,1000712,3,0,0,0,0.0,6,6,17.98719312,5.995731039,200142.4,273413.6271,382,500159.5,499989,1000079,500039.5,55.86143571,500000,0,0,92,60,2.99786552,0,10.28571429,0,0,1,0,0,1,8192,0,0.0,0.0,0,0,0.0,Bot,Bot,Bot,-0.059605688307466265,False
443,21835894,13,754,404,0,58.0,1580,0,328.6332128,1.05331158,992540.6364,2939223.768,0,1819657.833,239,20200000,2247931.444,4417306.766,50,0,0,280,212,0.457961556,0,307860.8696,0,0,1,0,0,0,29200,64,100996.0,108409.3691,177653,24339,23878.28889,BENIGN,BENIGN,BENIGN,-0.24042161025570064,False
8701,43,1,0,0,0,0.0,6,6,139534.8837,46511.62791,43.0,0.0,43,0.0,0,0,0.0,0.0,0,0,0,40,20,23255.81395,0,12.0,0,0,1,0,0,1,29200,0,0.0,0.0,0,0,0.0,PortScan,PortScan,PortScan,-0.13012661155712418,False
80,80182868,8,56,20,0,7.0,10135,0,145.4550117,0.162129397,6681905.667,22300000.0,4,11200000.0,50,1659774,414943.5,829143.7608,4,0,0,172,112,0.06235746,0,7317264.423,0,0,0,1,0,0,256,229,955479.0,0.0,955479,955479,0.0,DDoS,DDoS,DDoS,-0.43327294539848826,False
80,40759,2,12,6,6,6.0,11,0,564.2925489,98.13783459,13586.33333,23320.09593,73,245.0,245,40686,40686.0,0.0,40686,0,0,40,64,49.06891729,0,15.2,1,0,0,0,0,1,0,235,0.0,0.0,0,0,0.0,DoS Hulk,DoS Hulk,DoS Hulk,-0.00938728902356084,False
80,98100993,7,354,354,0,50.57142857,5792,0,121.8030484,0.132516498,8175082.75,28300000.0,0,16300000.0,0,33754,6750.8,10287.04098,9,0,0,232,200,0.06116146,0,2778320.423,0,0,0,1,0,0,251,235,4.0,0.0,4,4,0.0,DoS Hulk,DoS Hulk,DoS Hulk,-0.4228432608520519,False
53,183,2,128,64,64,64.0,144,144,2273224.044,21857.9235,61.0,100.4589468,3,3.0,3,3,3.0,0.0,3,0,0,40,40,10928.96175,64,1920.0,0,0,0,0,0,1,-1,-1,0.0,0.0,0,0,0.0,BENIGN,BENIGN,BENIGN,-0.021853228787136803,False
80,2340984,4,24,6,6,6.0,0,0,10.25209912,1.708683186,780328.0,1350701.808,4,780328.0,4,0,0.0,0.0,0,0,0,80,0,0.0,6,0.0,0,0,0,1,0,0,256,-1,0.0,0.0,0,0,0.0,DDoS,DDoS,DDoS,-0.07091202082381332,False
80,99535689,6,337,337,0,56.16666667,7240,0,119.8766002,0.110513125,9953568.9,31400000.0,1,19900000.0,1,147473,36868.25,66414.77055,85,0,0,200,168,0.050233238,0,5412476.424,0,0,0,1,0,0,251,235,5.0,0.0,5,5,0.0,DoS Hulk,DoS Hulk,DoS Hulk,-0.4203748182531273,False
80,991,2,0,0,0,0.0,0,0,0.0,2018.163471,991.0,0.0,991,991.0,991,0,0.0,0.0,0,0,0,64,0,0.0,0,0.0,0,0,0,1,0,0,251,-1,0.0,0.0,0,0,0.0,DoS Hulk,DoS Hulk,DoS Hulk,0.00018862685185522254,False
80,100558659,7,402,378,0,57.42857143,5792,0,119.3035003,0.139222223,7735281.462,27800000.0,3,16700000.0,3,101000000,16800000.0,41000000.0,47,0,0,184,232,0.069611111,0,2621266.314,1,0,0,0,0,1,0,235,10980.0,0.0,10980,10980,0.0,DoS Hulk,DoS Hulk,DoS Hulk,-0.42639891180052825,False
5190,80,1,0,0,0,0.0,6,6,75000.0,25000.0,80.0,0.0,80,0.0,0,0,0.0,0.0,0,0,0,40,20,12500.0,0,12.0,0,0,1,0,0,1,29200,0,0.0,0.0,0,0,0.0,PortScan,PortScan,PortScan,-0.09280167918930249,False
5200,13,1,0,0,0,0.0,6,6,461538.4615,153846.1538,13.0,0.0,13,0.0,0,0,0.0,0.0,0,0,0,40,20,76923.07692,0,12.0,0,0,1,0,0,1,29200,0,0.0,0.0,0,0,0.0,PortScan,PortScan,PortScan,-0.2308109574633983,False
80,10035751,5,30,6,6,6.0,0,0,2.989312907,0.498218818,2508937.75,5017209.522,0,2508937.75,0,0,0.0,0.0,0,0,0,100,0,0.0,6,0.0,0,0,0,1,0,0,256,-1,999.0,0.0,999,999,0.0,DDoS,DDoS,DDoS,-0.23640133325779378,False
80,83358554,2,0,0,0,0.0,0,0,0.0,0.023992739,83400000.0,0.0,83400000,83400000.0,83400000,0,0.0,0.0,0,0,0,64,0,0.0,0,0.0,0,0,0,1,0,0,410,-1,0.0,0.0,0,0,0.0,DoS GoldenEye,DoS GoldenEye,DoS GoldenEye,-0.32639112792209657,False
80,98696689,8,310,304,0,38.75,4344,0,120.6220808,0.14184873,7592053.0,27400000.0,1,14100000.0,1,31440,6288.0,9070.996169,48,0,0,252,200,0.060792313,0,2032025.381,0,0,0,1,0,0,251,235,1988.0,0.0,1988,1988,0.0,DoS Hulk,DoS Hulk,DoS Hulk,-0.42673680589075424,False
80,1240676,3,26,20,0,8.666666667,4380,0,9371.503922,7.254109856,155084.5,432028.0844,15,8084.5,673,1240503,248100.6,545710.4519,15,0,0,72,132,4.836073237,0,2706820.456,0,0,1,0,0,2,8192,229,0.0,0.0,0,0,0.0,DDoS,DDoS,DDoS,-0.3104635868991521,False
53,144,2,82,41,41,41.0,69,69,1527777.77777778,27777.7777777778,48.0,77.9422863406,3,3.0,3,3,3.0,0.0,3,0,0,64,64,13888.8888888889,41,235.2,0,0,0,0,0,1,-1,-1,0.0,0.0,0,0,0.0,BENIGN,BENIGN,BENIGN,-0.003373726473167804,False
8291,44,1,0,0,0,0.0,6,6,136363.6364,45454.54545,44.0,0.0,44,0.0,0,0,0.0,0.0,0,0,0,40,20,22727.27273,0,12.0,0,0,1,0,0,1,29200,0,0.0,0.0,0,0,0.0,PortScan,PortScan,PortScan,-0.12508493515533087,False
80,85180359,5,370,358,0,74.0,8688,0,140.4666538,0.140877547,7743669.0,25600000.0,2,21300000.0,2,85200000,14200000.0,34700000.0,48,0,0,144,232,0.082178569,0,5731641.308,1,0,0,0,0,1,0,235,10984.0,0.0,10984,10984,0.0,DoS Hulk,DoS Hulk,DoS Hulk,-0.42669305121744616,False
80,100031658,5,367,355,0,73.4,4344,0,119.5821427,0.119962022,9093787.091,30100000.0,47,25000000.0,994,100000000,16700000.0,40800000.0,47,0,0,144,232,0.069977846,0,2242726.09,1,0,0,0,0,1,0,235,2910.0,0.0,2910,2910,0.0,DoS Hulk,DoS Hulk,DoS Hulk,-0.42868306318872496,False
80,115264862,16,575,491,0,35.9375,394,0,8.4067250261,0.2515944538,4116602.21428571,4891834.44814867,62,7684324.13333333,46395,110682981,9223581.75,2868093.35522336,116321,0,0,332,404,0.1127837207,0,12604.2172413793,0,0,1,0,0,0,8192,513,62082.7272727273,53026.4256971765,221963,45969,454.6665311474,BENIGN,BENIGN,BENIGN,-0.3920654705216714,False
301,23,1,2,2,2,2.0,6,6,347826.087,86956.52174,23.0,0.0,23,0.0,0,0,0.0,0.0,0,0,0,24,20,43478.26087,2,5.333333333,0,0,1,0,0,1,1024,0,0.0,0.0,0,0,0.0,PortScan,PortScan,PortScan,-0.08798285567330483,False
80,3,2,0,0,0,0.0,0,0,0.0,666666.6667,3.0,0.0,3,3.0,3,0,0.0,0.0,0,0,0,64,0,0.0,0,0.0,0,0,0,1,0,0,251,-1,0.0,0.0,0,0,0.0,DoS Hulk,DoS Hulk,DoS Hulk,-0.1866869562356256,False
10215,59,1,2,2,2,2.0,6,6,135593.2203,33898.30508,59.0,0.0,59,0.0,0,0,0.0,0.0,0,0,0,24,20,16949.15254,2,5.333333333,0,0,1,0,0,1,1024,0,0.0,0.0,0,0,0.0,PortScan,PortScan,PortScan,-0.060106665318703456,False
35500,63,1,2,2,2,2.0,6,6,126984.127,31746.03175,63.0,0.0,63,0.0,0,0,0.0,0.0,0,0,0,24,20,15873.01587,2,5.333333333,0,0,1,0,0,1,1024,0,0.0,0.0,0,0,0.0,PortScan,PortScan,PortScan,-0.15300424220284564,False
443,3459565,80,8677,2848,0,108.4625,2848,0,28512.25515,50.58439428,19882.55747,92253.47411,1,31132.64557,1,3357785,35721.11702,134523.0521,1,0,0,2568,3048,27.46009975,0,518518.3408,0,0,1,0,0,1,29200,12985,0.0,0.0,0,0,0.0,BENIGN,BENIGN,BENIGN,-0.47509940798990746,False
443,3,2,12,6,6,6.0,0,0,4000000.0,666666.6667,3.0,0.0,3,3.0,3,0,0.0,0.0,0,0,0,40,0,0.0,6,0.0,1,0,0,0,0,0,0,-1,0.0,0.0,0,0,0.0,BENIGN,BENIGN,BENIGN,-0.22671240222912936,False
38968,22,1,0,0,0,0.0,0,0,0.0,90909.0909090909,22.0,0.0,22,0.0,0,0,0.0,0.0,0,0,0,32,32,45454.5454545455,0,0.0,0,0,0,1,1,1,126,3082,0.0,0.0,0,0,0.0,BENIGN,BENIGN,BENIGN,-0.2711823320720834,False
80,1816654,3,26,20,0,8.666666667,11595,0,6403.530887,3.853237876,302775.6667,741166.8195,2,442.5,155,1816652,605550.6667,1047999.389,11,0,0,72,92,2.201850215,0,16800000.0,0,0,1,0,0,1,8192,229,0.0,0.0,0,0,0.0,DDoS,DDoS,DDoS,-0.3098008979383762,False
61900,20,1,0,0,0,0.0,6,6,300000.0,100000.0,20.0,0.0,20,0.0,0,0,0.0,0.0,0,0,0,40,20,50000.0,0,12.0,0,0,1,0,0,1,29200,0,0.0,0.0,0,0,0.0,PortScan,PortScan,PortScan,-0.2693105863802253,False
80,99672736,5,362,350,0,72.4,10136,0,119.9625944,0.110361172,9967273.6,31500000.0,1,24900000.0,1,99700000,19900000.0,44500000.0,84,0,0,144,200,0.060197003,0,8457437.72,1,0,0,0,0,1,0,235,13033.0,0.0,13033,13033,0.0,DoS Hulk,DoS Hulk,DoS Hulk,-0.4226392012067379,False
49,43,1,2,2,2,2.0,6,6,186046.5116,46511.62791,43.0,0.0,43,0.0,0,0,0.0,0.0,0,0,0,24,20,23255.81395,2,5.333333333,0,0,1,0,0,1,1024,0,0.0,0.0,0,0,0.0,PortScan,PortScan,PortScan,-0.04023453717898279,False
80,3,2,0,0,0,0.0,0,0,0.0,666666.6667,3.0,0.0,3,3.0,3,0,0.0,0.0,0,0,0,64,0,0.0,0,0.0,0,0,0,1,0,0,251,-1,0.0,0.0,0,0,0.0,DoS Hulk,DoS Hulk,DoS Hulk,-0.1866869562356256,False
80,85007298,5,318,306,0,63.6,8688,0,140.1409088,0.129400655,8500729.8,26800000.0,1,21200000.0,1,85000000,17000000.0,37900000.0,188,0,0,144,200,0.070582175,0,6556679.841,1,0,0,0,0,1,0,235,3996.0,0.0,3996,3996,0.0,DoS Hulk,DoS Hulk,DoS Hulk,-0.4225171301196531,False
10243,21,1,0,0,0,0.0,6,6,285714.2857,95238.09524,21.0,0.0,21,0.0,0,0,0.0,0.0,0,0,0,40,20,47619.04762,0,12.0,0,0,1,0,0,1,29200,0,0.0,0.0,0,0,0.0,PortScan,PortScan,PortScan,-0.19083306584272164,False
53,46682,2,60,30,30,30.0,132,132,6940.576668,85.6861317,15560.66667,26909.44028,1,48.0,48,1,1.0,0.0,1,0,0,64,80,42.84306585,30,3121.2,0,0,0,0,0,1,-1,-1,0.0,0.0,0,0,0.0,BENIGN,BENIGN,BENIGN,0.00208816881930024,False
80,20693439,5,30,6,6,6.0,0,0,1.449734865,0.241622478,5173359.75,10300000.0,1,5173359.75,1,0,0.0,0.0,0,0,0,100,0,0.0,6,0.0,0,0,0,1,0,0,256,-1,5.0,0.0,5,5,0.0,DDoS,DDoS,DDoS,-0.35418817874513886,False
2366,54,1,2,2,2,2.0,6,6,148148.1481,37037.03704,54.0,0.0,54,0.0,0,0,0.0,0.0,0,0,0,24,20,18518.51852,2,5.333333333,0,0,1,0,0,1,1024,0,0.0,0.0,0,0,0.0,PortScan,PortScan,PortScan,-0.034908966664206176,False
1072,43,1,0,0,0,0.0,6,6,139534.8837,46511.62791,43.0,0.0,43,0.0,0,0,0.0,0.0,0,0,0,40,20,23255.81395,0,12.0,0,0,1,0,0,1,29200,0,0.0,0.0,0,0,0.0,PortScan,PortScan,PortScan,-0.09187893064855451,False
53,48126,1,50,50,50,50.0,66,66,2410.3395254125,41.5575780244,48126.0,0.0,48126,0.0,0,0,0.0,0.0,0,0,0,32,32,20.7787890122,50,85.3333333333,0,0,0,0,0,1,-1,-1,0.0,0.0,0,0,0.0,BENIGN,BENIGN,BENIGN,0.013156192962503976,False
10025,20,1,2,2,2,2.0,6,6,400000.0,100000.0,20.0,0.0,20,0.0,0,0,0.0,0.0,0,0,0,24,20,50000.0,2,5.333333333,0,0,1,0,0,1,1024,0,0.0,0.0,0,0,0.0,PortScan,PortScan,PortScan,-0.13528830121709096,False
1137,76,1,0,0,0,0.0,6,6,78947.36842,26315.78947,76.0,0.0,76,0.0,0,0,0.0,0.0,0,0,0,40,20,13157.89474,0,12.0,0,0,1,0,0,1,29200,0,0.0,0.0,0,0,0.0,PortScan,PortScan,PortScan,-0.0678071738588833,False
80,100237718,6,348,330,0,58.0,4344,0,119.1467667,0.139667984,7710593.692,27800000.0,4,20000000.0,4,100000000,14300000.0,37800000.0,16,0,0,164,264,0.079810277,0,2023661.686,1,0,0,0,0,1,0,235,10976.0,0.0,10976,10976,0.0,DoS Hulk,DoS Hulk,DoS Hulk,-0.4325984562398011,False
1026,49,1,0,0,0,0.0,6,6,122448.9796,40816.32653,49.0,0.0,49,0.0,0,0,0.0,0.0,0,0,0,40,20,20408.16327,0,12.0,0,0,1,0,0,1,29200,0,0.0,0.0,0,0,0.0,PortScan,PortScan,PortScan,-0.07984787280190181,False
80,84687271,5,390,378,0,78.0,4344,0,141.5206779,0.1416978,7698842.818,25500000.0,2,21100000.0,2,84700000,14100000.0,34500000.0,15,0,0,144,232,0.08265705,0,2240598.59,1,0,0,0,0,1,0,235,11022.0,0.0,11022,11022,0.0,DoS Hulk,DoS Hulk,DoS Hulk,-0.4263639814704915,False
80,3002823,3,0,0,0,0.0,0,0,0.0,0.999059885,1501411.5,711017.7888,998646,1501411.5,998646,0,0.0,0.0,0,0,0,120,0,0.0,0,0.0,0,0,1,0,0,0,29200,-1,0.0,0.0,0,0,0.0,DoS slowloris,DoS slowloris,DoS slowloris,-0.10902418140996101,False
80,9358747,5,30,6,6,6.0,0,0,3.205557325,0.534259554,2339686.75,4678708.19,4,2339686.75,4,0,0.0,0.0,0,0,0,100,0,0.0,6,0.0,0,0,0,1,0,0,256,-1,998.0,0.0,998,998,0.0,DDoS,DDoS,DDoS,-0.22418145799342315,False
17953,1,2,12,6,6,6.0,0,0,12000000.0,2000000.0,1.0,0.0,1,1.0,1,0,0.0,0.0,0,0,0,40,0,0.0,6,0.0,0,0,0,1,0,0,360,-1,0.0,0.0,0,0,0.0,BENIGN,BENIGN,BENIGN,-0.324884685244041,False
38620,16,1,0,0,0,0.0,0,0,0.0,125000.0,16.0,0.0,16,0.0,0,0,0.0,0.0,0,0,0,32,32,62500.0,0,0.0,0,0,0,1,1,1,972,290,0.0,0.0,0,0,0.0,BENIGN,BENIGN,BENIGN,-0.24914142753518176,False
80,88166192,8,56,20,0,7.0,11595,0,132.2842661,0.136106593,8015108.364,23800000.0,1,12500000.0,1,640940,213646.6667,368956.2189,5,0,0,172,92,0.045368864,0,10300000.0,0,0,0,1,0,0,256,229,3.0,0.0,3,3,50400000.0,DDoS,DDoS,DDoS,-0.4328060064176259,False
700,52,1,2,2,2,2.0,6,6,153846.1538,38461.53846,52.0,0.0,52,0.0,0,0,0.0,0.0,0,0,0,24,20,19230.76923,2,5.333333333,0,0,1,0,0,1,1024,0,0.0,0.0,0,0,0.0,PortScan,PortScan,PortScan,-0.03176525823752402,False
53,5995682,2,107,55,52,53.5,183,116,67.71539918,0.66714679,1998560.667,3374303.213,23939,5971743.0,5971743,5918689,5918689.0,0.0,5918689,0,0,40,40,0.333573395,52,3298.7,0,0,0,0,0,1,-1,-1,76993.0,0.0,76993,76993,0.0,BENIGN,BENIGN,BENIGN,-0.11241242230898163,False
80,98701936,5,370,358,0,74.0,4344,0,121.2235594,0.121578162,8972903.273,29700000.0,5,24700000.0,5,98700000,16500000.0,40300000.0,58,0,0,144,232,0.070920595,0,2936035.974,1,0,0,0,0,1,0,235,12994.0,0.0,12994,12994,0.0,DoS Hulk,DoS Hulk,DoS Hulk,-0.427695744664616,False
8600,46,1,2,2,2,2.0,6,6,173913.0435,43478.26087,46.0,0.0,46,0.0,0,0,0.0,0.0,0,0,0,24,20,21739.13043,2,5.333333333,0,0,1,0,0,1,1024,0,0.0,0.0,0,0,0.0,PortScan,PortScan,PortScan,-0.05979587815040993,False
80,98624690,8,325,325,0,40.625,5792,0,120.8622303,0.141952284,7586514.615,27300000.0,1,14100000.0,1,13449,2689.8,5248.054468,45,0,0,264,200,0.060836693,0,2630322.81,0,0,0,1,0,0,274,235,1025.0,0.0,1025,1025,0.0,DoS Hulk,DoS Hulk,DoS Hulk,-0.42647089279382444,False
80,1,2,0,0,0,0.0,0,0,0.0,2000000.0,1.0,0.0,1,1.0,1,0,0.0,0.0,0,0,0,64,0,0.0,0,0.0,0,0,0,1,0,0,274,-1,0.0,0.0,0,0,0.0,DoS Hulk,DoS Hulk,DoS Hulk,-0.186795808404837,False
80,2999895,8,1780,356,0,222.5,0,0,593.3541007,3.000105004,374986.875,487972.1174,3,428556.4286,3,0,0.0,0.0,0,0,0,264,40,0.333345,0,35204.44444,0,0,1,0,0,0,29200,28960,0.0,0.0,0,0,0.0,DoS Slowhttptest,DoS Slowhttptest,DoS Slowhttptest,-0.3013729364846566,False
8290,13,1,2,2,2,2.0,6,6,615384.6154,153846.1538,13.0,0.0,13,0.0,0,0,0.0,0.0,0,0,0,24,20,76923.07692,2,5.333333333,0,0,1,0,0,1,1024,0,0.0,0.0,0,0,0.0,PortScan,PortScan,PortScan,-0.183884538161311,False
80,7792808,4,24,6,6,6.0,0,0,3.079762776,0.513293796,2597602.667,4497438.22,964,2597602.667,964,0,0.0,0.0,0,0,0,80,0,0.0,6,0.0,0,0,0,1,0,0,256,-1,2011.0,0.0,2011,2011,0.0,DDoS,DDoS,DDoS,-0.22799509757855851,False
53,176966,1,53,53,53,53.0,107,107,904.1284767,11.30160596,176966.0,0.0,176966,0.0,0,0,0.0,0.0,0,0,0,32,20,5.650802979,53,972.0,0,0,0,0,0,1,-1,-1,0.0,0.0,0,0,0.0,BENIGN,BENIGN,BENIGN,0.005794400722652082,False
443,5464416,8,375,194,0,46.875,1460,2,825.5228006,2.562030416,420339.6923,1442471.563,4,780630.8571,4,176690,35338.0,49333.51484,48,0,0,172,124,1.098013036,0,307321.3524,0,0,1,0,0,0,8192,30016,243821.0,0.0,243821,243821,0.0,BENIGN,BENIGN,BENIGN,-0.1939694922753925,False
80,46126080,8,961,925,0,120.125,554,0,33.10491592,0.346875347,3075072.0,4547236.795,53,5736085.571,15329,46100000,6587257.714,4700401.547,28716,0,0,172,220,0.173437673,0,64104.27941,0,0,1,0,0,1,8192,31,91408.25,152541.85,320221,15037,97447.7065,BENIGN,BENIGN,BENIGN,-0.3589182905479805,False
80,101992691,8,56,20,0,7.0,5840,0,114.2925036,0.137264738,7845591.615,27300000.0,1,14600000.0,1,34435,6887.0,14588.8717,45,0,0,172,132,0.058827745,0,2667024.41,0,0,0,1,0,0,256,229,3253945.0,0.0,3253945,3253945,0.0,DDoS,DDoS,DDoS,-0.4344686290445231,False
5679,49,1,2,2,2,2.0,6,6,163265.3061,40816.32653,49.0,0.0,49,0.0,0,0,0.0,0.0,0,0,0,24,20,20408.16327,2,5.333333333,0,0,1,0,0,1,1024,0,0.0,0.0,0,0,0.0,PortScan,PortScan,PortScan,-0.04534729201927662,False
2004,27,1,2,2,2,2.0,6,6,296296.2963,74074.07407,27.0,0.0,27,0.0,0,0,0.0,0.0,0,0,0,24,20,37037.03704,2,5.333333333,0,0,1,0,0,1,1024,0,0.0,0.0,0,0,0.0,PortScan,PortScan,PortScan,-0.07210619397999757,False
222,45,1,0,0,0,0.0,6,6,133333.3333,44444.44444,45.0,0.0,45,0.0,0,0,0.0,0.0,0,0,0,40,20,22222.22222,0,12.0,0,0,1,0,0,1,29200,0,0.0,0.0,0,0,0.0,PortScan,PortScan,PortScan,-0.08553533488057657,False
51292,332777,7,6,3,0,0.857142857,0,0,18.03009222,39.06519982,27731.41667,40741.02595,14,55462.83333,5287,289245,57849.0,47091.47748,5345,0,0,140,156,18.03009222,0,0.879120879,0,0,0,1,1,0,140,16411,0.0,0.0,0,0,0.0,BENIGN,BENIGN,BENIGN,-0.31332631420416035,False
62188,6,4,121,46,6,30.25,0,0,20200000.0,666666.6667,2.0,1.0,1,2.0,1,0,0.0,0.0,0,1,0,80,0,0.0,6,236.2,0,0,0,1,0,0,119,-1,0.0,0.0,0,0,0.0,BENIGN,BENIGN,BENIGN,-0.37208224447903837,False
1033,48,1,0,0,0,0.0,6,6,125000.0,41666.66667,48.0,0.0,48,0.0,0,0,0.0,0.0,0,0,0,40,20,20833.33333,0,12.0,0,0,1,0,0,1,29200,0,0.0,0.0,0,0,0.0,PortScan,PortScan,PortScan,-0.08186492477833374,False
80,107205459,7,711,356,0,101.5714286,1448,0,36.15487528,0.111934598,9745950.818,32300000.0,13,17900000.0,309,105946,26486.5,38210.60216,174,0,0,236,168,0.046639416,0,262420.4744,0,0,1,0,0,0,65535,287,0.0,0.0,0,0,0.0,BENIGN,BENIGN,BENIGN,-0.39910557942116975,False
53,88766,4,124,31,31,31.0,114,114,6534.033301,90.12459726,12680.85714,24541.49674,1,29506.0,1,64862,21620.66667,37405.6653,1,0,0,104,128,45.06229863,31,1913.611111,0,0,0,0,0,1,-1,-1,0.0,0.0,0,0,0.0,BENIGN,BENIGN,BENIGN,-0.023092919021172942,False
53,24368,1,49,49,49,49.0,65,65,4678.266579,82.07485227,24368.0,0.0,24368,0.0,0,0,0.0,0.0,0,0,0,40,32,41.03742613,49,85.33333333,0,0,0,0,0,1,-1,-1,0.0,0.0,0,0,0.0,BENIGN,BENIGN,BENIGN,0.013421319713204871,False
8002,43,1,2,2,2,2.0,6,6,186046.5116,46511.62791,43.0,0.0,43,0.0,0,0,0.0,0.0,0,0,0,24,20,23255.81395,2,5.333333333,0,0,1,0,0,1,1024,0,0.0,0.0,0,0,0.0,PortScan,PortScan,PortScan,-0.059387530401831756,False
80,83804339,7,350,350,0,50.0,5792,0,142.534386,0.155123233,6983694.917,24100000.0,1,13900000.0,1,153670,30734.0,61475.76787,44,0,0,232,200,0.071595338,0,3418867.72,0,0,0,1,0,0,251,235,984.0,0.0,984,984,0.0,DoS Hulk,DoS Hulk,DoS Hulk,-0.42279601488105056,False
80,1,2,0,0,0,0.0,0,0,0.0,2000000.0,1.0,0.0,1,1.0,1,0,0.0,0.0,0,0,0,64,0,0.0,0,0.0,0,0,0,1,0,0,251,-1,0.0,0.0,0,0,0.0,DoS Hulk,DoS Hulk,DoS Hulk,-0.1866869562356256,False
80,3,2,0,0,0,0.0,0,0,0.0,666666.6667,3.0,0.0,3,3.0,3,0,0.0,0.0,0,0,0,64,0,0.0,0,0.0,0,0,0,1,0,0,251,-1,0.0,0.0,0,0,0.0,DoS Hulk,DoS Hulk,DoS Hulk,-0.1866869562356256,False
80,67353822,5,319,307,0,63.8,4344,0,176.8867697,0.193010576,5612818.5,19400000.0,2,16800000.0,5,67400000,9621969.714,25400000.0,47,0,0,144,264,0.118775739,0,1809582.264,1,0,0,0,0,1,0,235,10013.0,0.0,10013,10013,0.0,DoS Hulk,DoS Hulk,DoS Hulk,-0.43339890690369576,False
80,86391734,7,366,348,0,52.28571429,5792,0,138.4507458,0.162052541,6645518.0,23700000.0,3,14400000.0,329,86400000,14400000.0,35300000.0,3,0,0,204,232,0.08102627,0,3227426.314,1,0,0,0,0,1,0,235,10007.0,0.0,10007,10007,0.0,DoS Hulk,DoS Hulk,DoS Hulk,-0.4269060575260927,False
53,327,2,166,83,83,83.0,211,211,1798165.138,12232.4159,109.0,103.9230485,49,49.0,49,49,49.0,0.0,49,0,0,64,64,6116.207951,83,4915.2,0,0,0,0,0,1,-1,-1,0.0,0.0,0,0,0.0,BENIGN,BENIGN,BENIGN,-0.04275719954310098,False
53,220,2,80,40,40,40.0,56,56,872727.2727,18181.81818,73.33333333,120.9559148,3,4.0,4,3,3.0,0.0,3,0,0,64,64,9090.909091,40,76.8,0,0,0,0,0,1,-1,-1,0.0,0.0,0,0,0.0,BENIGN,BENIGN,BENIGN,0.0038389749151360175,False
80,4735435,4,24,6,6,6.0,0,0,5.068172195,0.844695366,1578478.333,2733392.395,228,1578478.333,228,0,0.0,0.0,0,0,0,80,0,0.0,6,0.0,0,0,0,1,0,0,256,-1,0.0,0.0,0,0,0.0,DDoS,DDoS,DDoS,-0.12291455190998363,False
80,1,2,0,0,0,0.0,0,0,0.0,2000000.0,1.0,0.0,1,1.0,1,0,0.0,0.0,0,0,0,64,0,0.0,0,0.0,0,0,0,1,0,0,274,-1,0.0,0.0,0,0,0.0,DoS Hulk,DoS Hulk,DoS Hulk,-0.186795808404837,False
1183,44,1,2,2,2,2.0,6,6,181818.1818,45454.54545,44.0,0.0,44,0.0,0,0,0.0,0.0,0,0,0,24,20,22727.27273,2,5.333333333,0,0,1,0,0,1,1024,0,0.0,0.0,0,0,0.0,PortScan,PortScan,PortScan,-0.04192120885221362,False
2350,2710,2,6,6,0,3.0,0,0,2214.02214,738.0073801,2710.0,0.0,2710,2710.0,2710,0,0.0,0.0,0,0,0,52,0,0.0,0,12.0,0,0,0,1,0,0,55,-1,0.0,0.0,0,0,0.0,BENIGN,BENIGN,BENIGN,-0.011164015537289462,False
443,8,1,6,6,6,6.0,6,6,2250000.0,375000.0,4.0,1.4142135624,3,0.0,0,3,3.0,0.0,3,0,0,20,40,250000.0,6,0.0,0,0,0,1,0,2,254,368,0.0,0.0,0,0,0.0,BENIGN,BENIGN,BENIGN,-0.33996067610323344,False
53,1107443,4,124,31,31,31.0,116,116,321.46124,5.417886067,221488.6,437355.1088,3,333122.6667,3,3,3.0,0.0,3,0,0,80,64,1.805962022,31,1720.238095,0,0,0,0,0,0,-1,-1,0.0,0.0,0,0,0.0,BENIGN,BENIGN,BENIGN,-0.020722284272737534,False
55026,3,2,12,6,6,6.0,0,0,4000000.0,666666.6667,3.0,0.0,3,3.0,3,0,0.0,0.0,0,0,0,40,0,0.0,6,0.0,0,0,0,1,0,0,127,-1,0.0,0.0,0,0,0.0,BENIGN,BENIGN,BENIGN,-0.30636773867504286,False
50063,5,3,43,31,6,14.3333333333,0,0,8600000.0,600000.0,2.5,2.1213203436,1,2.5,1,0,0.0,0.0,0,0,0,60,0,0.0,6,156.25,0,0,0,1,0,0,1351,-1,0.0,0.0,0,0,0.0,BENIGN,BENIGN,BENIGN,-0.36718076498292396,False
80,1,2,0,0,0,0.0,0,0,0.0,2000000.0,1.0,0.0,1,1.0,1,0,0.0,0.0,0,0,0,64,0,0.0,0,0.0,0,0,0,1,0,0,251,-1,0.0,0.0,0,0,0.0,DoS Hulk,DoS Hulk,DoS Hulk,-0.1866869562356256,False
80,5564893,5,30,6,6,6.0,0,0,5.390939233,0.898489872,1391223.25,2777105.067,1,1391223.25,1,0,0.0,0.0,0,0,0,100,0,0.0,6,0.0,0,0,0,1,0,0,256,-1,8016.0,0.0,8016,8016,0.0,DDoS,DDoS,DDoS,-0.12621205306274141,False
6580,63,1,2,2,2,2.0,6,6,126984.127,31746.03175,63.0,0.0,63,0.0,0,0,0.0,0.0,0,0,0,24,20,15873.01587,2,5.333333333,0,0,1,0,0,1,1024,0,0.0,0.0,0,0,0.0,PortScan,PortScan,PortScan,-0.04610461661631965,False
80,98604947,4,296,290,0,74.0,4344,0,120.5923269,0.10141479,11000000.0,32800000.0,13,32800000.0,1000,146720,29344.0,59520.30049,16,0,0,124,200,0.060848874,0,2502153.073,1,0,0,0,0,1,0,235,0.0,0.0,0,0,0.0,DoS Hulk,DoS Hulk,DoS Hulk,-0.4244549631342832,False
7106,50,1,0,0,0,0.0,6,6,120000.0,40000.0,50.0,0.0,50,0.0,0,0,0.0,0.0,0,0,0,40,20,20000.0,0,12.0,0,0,1,0,0,1,29200,0,0.0,0.0,0,0,0.0,PortScan,PortScan,PortScan,-0.11412213903479523,False
80,5964842,4,24,6,6,6.0,0,0,4.023576819,0.670596136,1988280.667,3442940.609,4,1988280.667,4,0,0.0,0.0,0,0,0,80,0,0.0,6,0.0,0,0,0,1,0,0,256,-1,996.0,0.0,996,996,0.0,DDoS,DDoS,DDoS,-0.14272199278465342,False
55056,69,1,2,2,2,2.0,6,6,115942.029,28985.50725,69.0,0.0,69,0.0,0,0,0.0,0.0,0,0,0,24,20,14492.75362,2,5.333333333,0,0,1,0,0,1,1024,0,0.0,0.0,0,0,0.0,PortScan,PortScan,PortScan,-0.15143076418625595,False
2710,43,1,0,0,0,0.0,6,6,139534.8837,46511.62791,43.0,0.0,43,0.0,0,0,0.0,0.0,0,0,0,40,20,23255.81395,0,12.0,0,0,1,0,0,1,29200,0,0.0,0.0,0,0,0.0,PortScan,PortScan,PortScan,-0.09998508683648716,False
16012,44,1,2,2,2,2.0,6,6,181818.1818,45454.54545,44.0,0.0,44,0.0,0,0,0.0,0.0,0,0,0,24,20,22727.27273,2,5.333333333,0,0,1,0,0,1,1024,0,0.0,0.0,0,0,0.0,PortScan,PortScan,PortScan,-0.1032401312390438,False
1026,41,1,2,2,2,2.0,6,6,195121.9512,48780.4878,41.0,0.0,41,0.0,0,0,0.0,0.0,0,0,0,24,20,24390.2439,2,5.333333333,0,0,1,0,0,1,1024,0,0.0,0.0,0,0,0.0,PortScan,PortScan,PortScan,-0.04310637694620911,False
53,211,2,80,40,40,40.0,101,101,1336492.891,18957.34597,70.33333333,37.81974793,48,49.0,49,48,48.0,0.0,48,0,0,40,40,9478.672986,40,1116.3,0,0,0,0,0,1,-1,-1,0.0,0.0,0,0,0.0,BENIGN,BENIGN,BENIGN,0.0038654457210069437,False
80,1,2,0,0,0,0.0,0,0,0.0,2000000.0,1.0,0.0,1,1.0,1,0,0.0,0.0,0,0,0,64,0,0.0,0,0.0,0,0,0,1,0,0,251,-1,0.0,0.0,0,0,0.0,DoS Hulk,DoS Hulk,DoS Hulk,-0.1866869562356256,False
80,82878328,5,351,339,0,70.2,8688,0,144.1390082,0.132724685,8287832.8,26200000.0,2,20700000.0,2,82900000,16600000.0,37000000.0,180,0,0,144,200,0.072395283,0,6552647.091,1,0,0,0,0,1,0,235,14007.0,0.0,14007,14007,0.0,DoS Hulk,DoS Hulk,DoS Hulk,-0.42211512733479406,False
80,8094757,5,30,6,6,6.0,0,0,3.706102604,0.617683767,2023689.25,4046053.194,3,2023689.25,3,0,0.0,0.0,0,0,0,100,0,0.0,6,0.0,0,0,0,1,0,0,256,-1,1988.0,0.0,1988,1988,0.0,DDoS,DDoS,DDoS,-0.18656374789424912,False
4848,44,1,0,0,0,0.0,6,6,136363.6364,45454.54545,44.0,0.0,44,0.0,0,0,0.0,0.0,0,0,0,40,20,22727.27273,0,12.0,0,0,1,0,0,1,29200,0,0.0,0.0,0,0,0.0,PortScan,PortScan,PortScan,-0.10776684320433016,False
1163,63,1,2,2,2,2.0,6,6,126984.127,31746.03175,63.0,0.0,63,0.0,0,0,0.0,0.0,0,0,0,24,20,15873.01587,2,5.333333333,0,0,1,0,0,1,1024,0,0.0,0.0,0,0,0.0,PortScan,PortScan,PortScan,-0.029237995564311503,False
443,221416,27,671,421,0,24.8518518519,1418,0,239363.912273729,307.1142103552,3304.7164179105,9107.8718563502,0,8516.0,0,158007,3950.175,9872.6930934425,1,0,0,876,1320,185.1718033024,0,487923.151321398,0,0,1,0,0,1,65535,349,0.0,0.0,0,0,0.0,BENIGN,BENIGN,BENIGN,-0.3912502368943359,False
53,124554,2,72,36,36,36.0,118,118,2472.823033,32.11458484,41518.0,71908.68737,0,0.0,0,3,3.0,0.0,3,0,0,40,64,16.05729242,36,2017.2,0,0,0,0,0,1,-1,-1,0.0,0.0,0,0,0.0,BENIGN,BENIGN,BENIGN,0.007808583505056699,False
80,4,2,0,0,0,0.0,0,0,0.0,500000.0,4.0,0.0,4,4.0,4,0,0.0,0.0,0,0,0,64,0,0.0,0,0.0,0,0,0,1,0,0,274,-1,0.0,0.0,0,0,0.0,DoS Hulk,DoS Hulk,DoS Hulk,-0.186795808404837,False
40692,49,1,0,0,0,0.0,0,0,0.0,40816.3265306122,49.0,0.0,49,0.0,0,0,0.0,0.0,0,0,0,32,32,20408.1632653061,0,0.0,0,0,0,1,1,1,332,229,0.0,0.0,0,0,0.0,BENIGN,BENIGN,BENIGN,-0.16519462337252155,False
80,42222,3,26,20,0,8.666666667,4380,0,275377.7651,213.1590166,5277.75,9785.216046,14,7993.0,939,42120,8424.0,11938.80143,14,0,0,72,132,142.1060111,0,2706820.456,0,0,1,0,0,2,8192,229,0.0,0.0,0,0,0.0,DDoS,DDoS,DDoS,-0.3375629700244621,False
80,5923143,5,30,6,6,6.0,0,0,5.064878562,0.844146427,1480785.75,2960934.167,273,1480785.75,273,0,0.0,0.0,0,0,0,100,0,0.0,6,0.0,0,0,0,1,0,0,256,-1,956.0,0.0,956,956,0.0,DDoS,DDoS,DDoS,-0.12983065167912444,False
53,136990,1,42,42,42,42.0,170,170,1547.558216,14.59960581,136990.0,0.0,136990,0.0,0,0,0.0,0.0,0,0,0,20,32,7.299802905,42,5461.333333,0,0,0,0,0,1,-1,-1,0.0,0.0,0,0,0.0,BENIGN,BENIGN,BENIGN,0.005858470969214713,False
80,14966,7,0,0,0,0.0,0,0,0.0,467.7268475,2494.333333,4227.935698,2,2494.333333,2,0,0.0,0.0,0,0,0,224,0,0.0,0,0.0,0,0,0,1,0,0,274,-1,0.0,0.0,0,0,0.0,DoS Hulk,DoS Hulk,DoS Hulk,7.01300753480627e-05,False
53,30474,1,56,56,56,56.0,84,84,4594.0801995143,65.6297171359,30474.0,0.0,30474,0.0,0,0,0.0,0.0,0,0,0,32,32,32.814858568,56,261.3333333333,0,0,0,0,0,1,-1,-1,0.0,0.0,0,0,0.0,BENIGN,BENIGN,BENIGN,0.012218209589052731,False
6667,34,1,2,2,2,2.0,6,6,235294.1176,58823.52941,34.0,0.0,34,0.0,0,0,0.0,0.0,0,0,0,24,20,29411.76471,2,5.333333333,0,0,1,0,0,1,1024,0,0.0,0.0,0,0,0.0,PortScan,PortScan,PortScan,-0.06817529647329273,False
12000,58,1,2,2,2,2.0,6,6,137931.0345,34482.75862,58.0,0.0,58,0.0,0,0,0.0,0.0,0,0,0,24,20,17241.37931,2,5.333333333,0,0,1,0,0,1,1024,0,0.0,0.0,0,0,0.0,PortScan,PortScan,PortScan,-0.07019035897893705,False
80,61361039,59,7181,1212,0,121.7118644,2920,0,2135.720029,2.069717235,486992.373,2136545.464,3,1057948.948,48,60400000,901352.9701,2881382.77,48,0,0,1192,1444,1.108195055,0,1269196.915,0,0,1,0,0,1,8192,1460,68664.0,111044.2399,295332,23167,1927.398393,BENIGN,BENIGN,BENIGN,-0.46119686938143445,False
80,86060296,7,373,355,0,53.28571429,5803,0,139.0652898,0.162676642,6620022.769,23600000.0,3,14300000.0,526,86100000,14300000.0,35100000.0,3,0,0,204,232,0.081338321,0,3229255.21,1,0,0,0,0,1,0,235,9984.0,0.0,9984,9984,0.0,DoS Hulk,DoS Hulk,DoS Hulk,-0.4268261043417413,False
80,1095,2,0,0,0,0.0,0,0,0.0,1826.484018,1095.0,0.0,1095,1095.0,1095,0,0.0,0.0,0,0,0,72,0,0.0,0,0.0,0,0,1,1,0,0,28960,-1,0.0,0.0,0,0,0.0,DoS Hulk,DoS Hulk,DoS Hulk,-0.027597453743547995,False
53,118289176,3,156,56,45,52.0,121,96,4.091667694,0.050723153,23700000.0,32900000.0,61564,59000000.0,49600000,118000000,59100000.0,13200000.0,49700000,0,0,96,84,0.025361577,45,981.0,0,0,0,0,0,1,-1,-1,70181.5,12186.98537,78799,61564,13400000.0,BENIGN,BENIGN,BENIGN,-0.35791340885674383,False
39568,3,2,0,0,0,0.0,0,0,0.0,666666.6667,3.0,0.0,3,3.0,3,0,0.0,0.0,0,0,0,40,0,0.0,0,0.0,0,0,0,1,0,0,40905,-1,0.0,0.0,0,0,0.0,BENIGN,BENIGN,BENIGN,-0.3252652700509787,False
80,10981274,4,24,6,6,6.0,0,0,2.185538764,0.364256461,3660424.667,6339436.149,253,3660424.667,253,0,0.0,0.0,0,0,0,80,0,0.0,6,0.0,0,0,0,1,0,0,256,-1,699.0,0.0,699,699,0.0,DDoS,DDoS,DDoS,-0.2801040328596769,False
42778,743,3,31,31,0,10.3333333333,0,0,41722.7456258412,4037.6850605653,371.5,521.1376977345,3,371.5,3,0,0.0,0.0,0,0,0,96,0,0.0,0,240.25,0,0,0,1,0,0,939,-1,0.0,0.0,0,0,0.0,BENIGN,BENIGN,BENIGN,-0.13997677307287332,False
80,117014805,2,16,8,8,8.0,0,0,0.136734835,0.034183709,39000000.0,67600000.0,70,117000000.0,117000000,117000000,117000000.0,0.0,117000000,1,0,64,64,0.017091854,0,19.2,0,0,0,1,0,1,229,235,70.0,0.0,70,70,0.0,DoS slowloris,DoS slowloris,DoS slowloris,-0.3734664075062071,False
52144,48,2,31,31,0,15.5,0,0,645833.3333,41666.66667,48.0,0.0,48,48.0,48,0,0.0,0.0,0,1,0,64,0,0.0,0,320.3333333,0,0,0,1,0,0,122,-1,0.0,0.0,0,0,0.0,BENIGN,BENIGN,BENIGN,-0.1558586509939201,False
80,84645094,8,348,348,0,43.5,5792,0,141.0950055,0.165396473,6511161.077,23400000.0,1,12100000.0,1,145414,29082.8,58913.00134,45,0,0,264,200,0.070884203,0,2628814.886,0,0,0,1,0,0,274,235,997.0,0.0,997,997,0.0,DoS Hulk,DoS Hulk,DoS Hulk,-0.4243344892202566,False
80,85629233,8,368,362,0,46.0,4344,0,139.706962,0.163495567,6586864.077,23700000.0,3,12200000.0,3,144650,28930.0,56915.02697,94,0,0,252,200,0.070069529,0,2325446.124,0,0,0,1,0,0,274,235,3982.0,0.0,3982,3982,0.0,DoS Hulk,DoS Hulk,DoS Hulk,-0.4216882072767465,False
443,289598,16,855,259,0,53.4375,1448,0,30304.07669,96.68575059,10725.85185,23020.45349,0,19306.53333,59,200172,18197.45455,35314.048,1,0,0,520,392,41.43675025,0,275695.6724,0,0,1,0,0,0,29200,9,0.0,0.0,0,0,0.0,BENIGN,BENIGN,BENIGN,-0.22925286267514366,False
53,457050,1,49,49,49,49.0,241,241,634.5038836,4.375888852,457050.0,0.0,457050,0.0,0,0,0.0,0.0,0,0,0,32,32,2.187944426,49,12288.0,0,0,0,0,0,1,-1,-1,0.0,0.0,0,0,0.0,BENIGN,BENIGN,BENIGN,-0.018611560475816524,False
53,106989,1,41,41,41,41.0,143,143,1719.80297,18.69351055,106989.0,0.0,106989,0.0,0,0,0.0,0.0,0,0,0,20,20,9.346755274,41,3468.0,0,0,0,0,0,1,-1,-1,0.0,0.0,0,0,0.0,BENIGN,BENIGN,BENIGN,0.009313280430610082,False
53,64513967,2,104,62,42,52.0,114,112,5.115171417,0.062002078,21500000.0,37200000.0,30669,64500000.0,64500000,64500000,64500000.0,0.0,64500000,0,0,52,40,0.031001039,42,1064.8,0,0,0,0,0,1,-1,-1,30871.0,0.0,30871,30871,0.0,BENIGN,BENIGN,BENIGN,-0.3630927453560785,False
12174,73,1,0,0,0,0.0,6,6,82191.78082,27397.26027,73.0,0.0,73,0.0,0,0,0.0,0.0,0,0,0,40,20,13698.63014,0,12.0,0,0,1,0,0,1,29200,0,0.0,0.0,0,0,0.0,PortScan,PortScan,PortScan,-0.1326859902192361,False
80,6032850,4,24,6,6,6.0,0,0,3.97821925,0.663036542,2010950.0,3479619.626,4,2010950.0,4,0,0.0,0.0,0,0,0,80,0,0.0,6,0.0,0,0,0,1,0,0,256,-1,3982.0,0.0,3982,3982,0.0,DDoS,DDoS,DDoS,-0.14660461141153674,False
80,99871395,9,358,358,0,39.77777778,7240,0,119.6839195,0.140180279,7682415.0,27300000.0,15,12500000.0,15,187332,46833.0,85083.22553,85,0,0,304,168,0.050064385,0,4420805.267,0,0,0,1,0,0,274,235,1261.0,0.0,1261,1261,0.0,DoS Hulk,DoS Hulk,DoS Hulk,-0.4240891930710572,False
80,83627156,6,362,344,0,60.33333333,4344,0,142.9798713,0.155451897,6968929.667,24100000.0,1,16700000.0,1,83600000,13900000.0,34100000.0,49,0,0,164,232,0.083704867,0,2130815.5,1,0,0,0,0,1,0,235,11029.0,0.0,11029,11029,0.0,DoS Hulk,DoS Hulk,DoS Hulk,-0.42714128267315865,False
80,98361054,6,304,304,0,50.66666667,11595,0,120.9726768,0.101666255,10900000.0,32800000.0,0,19700000.0,0,4804,1601.333333,1769.789347,448,0,0,200,136,0.040666502,0,12200000.0,0,0,0,1,0,0,251,235,1.0,0.0,1,1,0.0,DoS Hulk,DoS Hulk,DoS Hulk,-0.42223103005150786,False
80,100044640,6,360,342,0,60.0,4344,0,119.4966567,0.129941994,8337053.333,28800000.0,5,20000000.0,5,100000000,16700000.0,40800000.0,47,0,0,164,232,0.069968766,0,2130972.863,1,0,0,0,0,1,0,235,4973.0,0.0,4973,4973,0.0,DoS Hulk,DoS Hulk,DoS Hulk,-0.4279614019453917,False
80,11181219,7,3115,1583,0,445.0,2267,0,814.6696706,1.520406675,698826.1875,2485775.932,3,197139.3333,16734,11100000,1238797.778,3294040.777,3,0,0,152,212,0.894356868,0,720265.8203,0,0,1,0,0,1,8192,64,0.0,0.0,0,0,0.0,BENIGN,BENIGN,BENIGN,-0.39523548632423544,False
80,98355192,7,419,413,0,59.85714286,7251,0,122.1491185,0.122006777,8941381.091,29700000.0,1,16400000.0,1,2940,735.0,872.8982377,193,0,0,220,168,0.050836157,0,5042929.808,0,0,0,1,0,0,274,235,1996.0,0.0,1996,1996,0.0,DoS Hulk,DoS Hulk,DoS Hulk,-0.41841178418153824,False
80,98308019,6,309,291,0,51.5,5792,0,121.0887995,0.132237432,8192334.917,28400000.0,4,19700000.0,4,98300000,16400000.0,40100000.0,48,0,0,164,232,0.071204771,0,2780318.374,1,0,0,0,0,1,0,235,12994.0,0.0,12994,12994,0.0,DoS Hulk,DoS Hulk,DoS Hulk,-0.42968684483227493,False
1033,46,1,0,0,0,0.0,6,6,130434.7826,43478.26087,46.0,0.0,46,0.0,0,0,0.0,0.0,0,0,0,40,20,21739.13043,0,12.0,0,0,1,0,0,1,29200,0,0.0,0.0,0,0,0.0,PortScan,PortScan,PortScan,-0.08434471017666928,False
9101,54,1,0,0,0,0.0,6,6,111111.1111,37037.03704,54.0,0.0,54,0.0,0,0,0.0,0.0,0,0,0,40,20,18518.51852,0,12.0,0,0,1,0,0,1,29200,0,0.0,0.0,0,0,0.0,PortScan,PortScan,PortScan,-0.12274934921306635,False
80,3,2,0,0,0,0.0,0,0,0.0,666666.6667,3.0,0.0,3,3.0,3,0,0.0,0.0,0,0,0,64,0,0.0,0,0.0,0,0,0,1,0,0,251,-1,0.0,0.0,0,0,0.0,DoS Hulk,DoS Hulk,DoS Hulk,-0.1866869562356256,False
80,5625422,3,0,0,0,0.0,0,0,0.0,0.711057766,1875140.667,3247078.554,96,2812711.0,878,0,0.0,0.0,0,0,0,104,40,0.177764441,0,0.0,0,0,1,0,0,0,29200,28960,0.0,0.0,0,0,0.0,Web Attack � Brute Force,Web Attack � XSS,Web Attack � XSS,-0.22321521411338974,False
443,115694266,21,949,499,0,45.19047619,1460,0,61.19577266,0.354382299,2892356.65,4512202.187,4,5784713.3,4,110000000,5806973.684,5080996.223,49,0,0,432,544,0.172869414,0,169797.6167,0,0,1,0,0,0,8192,290,29000.58333,18260.6165,86981,23468,1346037.961,BENIGN,BENIGN,BENIGN,-0.38327161757409856,False
80,981,2,0,0,0,0.0,0,0,0.0,2038.735984,981.0,0.0,981,981.0,981,0,0.0,0.0,0,0,0,64,0,0.0,0,0.0,0,0,0,1,0,0,274,-1,0.0,0.0,0,0,0.0,DoS Hulk,DoS Hulk,DoS Hulk,-4.632540224591697e-06,False
80,60073,3,26,20,0,8.666666667,7215,0,193647.7286,133.1713082,8581.857143,22276.94788,4,374.0,81,60024,15006.0,29397.13815,4,0,0,72,112,83.23206765,0,7025604.278,0,0,1,0,0,1,8192,229,0.0,0.0,0,0,0.0,DDoS,DDoS,DDoS,-0.32682799741547175,False
80,1343874,3,26,20,0,8.666666667,10135,0,8656.317482,5.95293904,191982.0,507580.3753,3,297.5,3,1343858,335964.5,671401.0466,15,0,0,72,112,3.7205869,0,11200000.0,0,0,1,0,0,1,8192,229,0.0,0.0,0,0,0.0,DDoS,DDoS,DDoS,-0.3102203702043438,False
1862,44,1,0,0,0,0.0,6,6,136363.6364,45454.54545,44.0,0.0,44,0.0,0,0,0.0,0.0,0,0,0,40,20,22727.27273,0,12.0,0,0,1,0,0,1,29200,0,0.0,0.0,0,0,0.0,PortScan,PortScan,PortScan,-0.09296398302511266,False
80,99953889,7,313,307,0,44.71428571,7240,0,119.1349343,0.130059972,8329490.75,28800000.0,3,16600000.0,3,143636,28727.2,58057.26286,73,0,0,220,200,0.060027679,0,3746566.879,0,0,0,1,0,0,274,235,999.0,0.0,999,999,0.0,DoS Hulk,DoS Hulk,DoS Hulk,-0.4259378362340851,False
80,4,2,0,0,0,0.0,0,0,0.0,500000.0,4.0,0.0,4,4.0,4,0,0.0,0.0,0,0,0,64,0,0.0,0,0.0,0,0,0,1,0,0,251,-1,0.0,0.0,0,0,0.0,DoS Hulk,DoS Hulk,DoS Hulk,-0.1866869562356256,False
2903,23,1,6,6,6,6.0,6,6,521739.1304,86956.52174,23.0,0.0,23,0.0,0,0,0.0,0.0,0,0,0,20,20,43478.26087,6,0.0,0,0,0,1,1,1,31,255,0.0,0.0,0,0,0.0,BENIGN,BENIGN,BENIGN,-0.08529229095153568,False
80,100599739,8,1032,338,0,129.0,10136,0,125.5172243,0.139165371,7738441.462,27700000.0,1,14400000.0,1,101000000,20100000.0,44700000.0,83,0,0,228,200,0.059642302,0,6752763.171,1,0,0,0,0,0,0,235,14003.0,0.0,14003,14003,0.0,DoS Hulk,DoS Hulk,DoS Hulk,-0.4233265098929899,False
51901,59,1,0,0,0,0.0,0,0,0.0,67796.61017,19.66666667,20.81665999,3,0.0,0,46,23.0,28.28427125,3,0,0,32,60,50847.45763,0,0.0,0,0,0,1,0,3,972,0,0.0,0.0,0,0,0.0,BENIGN,BENIGN,BENIGN,-0.21662744239896392,False
8082,14,1,2,2,2,2.0,6,6,571428.5714,142857.1429,14.0,0.0,14,0.0,0,0,0.0,0.0,0,0,0,24,20,71428.57143,2,5.333333333,0,0,1,0,0,1,1024,0,0.0,0.0,0,0,0.0,PortScan,PortScan,PortScan,-0.16755185085933116,False
443,4,2,12,6,6,6.0,0,0,3000000.0,500000.0,4.0,0.0,4,4.0,4,0,0.0,0.0,0,0,0,40,0,0.0,6,0.0,1,0,0,0,0,0,0,-1,0.0,0.0,0,0,0.0,BENIGN,BENIGN,BENIGN,-0.20703058124754803,False
80,97637925,9,349,349,0,38.77777778,5792,0,122.3295149,0.153628828,6974137.5,26100000.0,0,12200000.0,0,19633,3926.6,5459.513422,47,0,0,296,200,0.061451531,0,2493128.4,0,0,0,1,0,0,251,235,1988.0,0.0,1988,1988,0.0,DoS Hulk,DoS Hulk,DoS Hulk,-0.4257377717669557,False
53,144796,1,44,44,44,44.0,134,134,1229.315727,13.81253626,144796.0,0.0,144796,0.0,0,0,0.0,0.0,0,0,0,32,32,6.906268129,44,2700.0,0,0,0,0,0,1,-1,-1,0.0,0.0,0,0,0.0,BENIGN,BENIGN,BENIGN,0.009081573718279945,False
1045,37,1,0,0,0,0.0,6,6,162162.1622,54054.05405,37.0,0.0,37,0.0,0,0,0.0,0.0,0,0,0,40,20,27027.02703,0,12.0,0,0,1,0,0,1,29200,0,0.0,0.0,0,0,0.0,PortScan,PortScan,PortScan,-0.10363620199604051,False
21,9778453,9,100,20,0,11.11111111,34,0,29.45251156,2.454375963,425150.1304,1105763.943,3,810599.375,232,9778388,698456.2857,1365155.459,3,0,0,296,488,1.533984977,0,154.6766667,0,0,1,0,0,1,29200,227,0.0,0.0,0,0,0.0,FTP-Patator,FTP-Patator,FTP-Patator,-0.2517067806931049,False
80,701159,3,26,20,0,8.666666667,5840,0,16582.54404,12.83589029,87644.875,241700.2054,45,7009.5,51,701104,140220.8,304996.3052,45,0,0,72,132,8.557260193,0,3654198.233,0,0,1,0,0,2,8192,229,0.0,0.0,0,0,0.0,DDoS,DDoS,DDoS,-0.310656995874819,False
2042,62,1,2,2,2,2.0,6,6,129032.2581,32258.06452,62.0,0.0,62,0.0,0,0,0.0,0.0,0,0,0,24,20,16129.03226,2,5.333333333,0,0,1,0,0,1,1024,0,0.0,0.0,0,0,0.0,PortScan,PortScan,PortScan,-0.03143354625084477,False
6059,23,1,2,2,2,2.0,6,6,347826.087,86956.52174,23.0,0.0,23,0.0,0,0,0.0,0.0,0,0,0,24,20,43478.26087,2,5.333333333,0,0,1,0,0,1,1024,0,0.0,0.0,0,0,0.0,PortScan,PortScan,PortScan,-0.10137241800011548,False
80,12896,2,12,6,6,6.0,0,0,930.5210918,310.1736973,4298.666667,7008.775166,42,508.0,508,12854,12854.0,0.0,12854,0,0,40,64,155.0868486,0,10.8,1,0,0,0,0,1,0,235,0.0,0.0,0,0,0.0,DoS Hulk,DoS Hulk,DoS Hulk,-0.011667555930181539,False
26214,43,1,0,0,0,0.0,6,6,139534.8837,46511.62791,43.0,0.0,43,0.0,0,0,0.0,0.0,0,0,0,40,20,23255.81395,0,12.0,0,0,1,0,0,1,29200,0,0.0,0.0,0,0,0.0,PortScan,PortScan,PortScan,-0.2308569185183098,False
53,124800,1,41,41,41,41.0,98,98,1113.782051,16.02564103,124800.0,0.0,124800,0.0,0,0,0.0,0.0,0,0,0,20,20,8.012820513,41,1083.0,0,0,0,0,0,1,-1,-1,0.0,0.0,0,0,0.0,BENIGN,BENIGN,BENIGN,0.009863355191539969,False
53,192,2,72,36,36,36.0,68,68,1083333.33333333,20833.3333333333,64.0,27.7128129211,48,48.0,48,48,48.0,0.0,48,0,0,64,64,10416.6666666667,36,307.2,0,0,0,0,0,1,-1,-1,0.0,0.0,0,0,0.0,BENIGN,BENIGN,BENIGN,0.002789095265336383,False
144,24,1,0,0,0,0.0,6,6,250000.0,83333.33333,24.0,0.0,24,0.0,0,0,0.0,0.0,0,0,0,40,20,41666.66667,0,12.0,0,0,1,0,0,1,29200,0,0.0,0.0,0,0,0.0,PortScan,PortScan,PortScan,-0.13949550035235064,False
301,39,1,2,2,2,2.0,6,6,205128.2051,51282.05128,39.0,0.0,39,0.0,0,0,0.0,0.0,0,0,0,24,20,25641.02564,2,5.333333333,0,0,1,0,0,1,1024,0,0.0,0.0,0,0,0.0,PortScan,PortScan,PortScan,-0.04206457717406964,False
2492,45,1,0,0,0,0.0,6,6,133333.3333,44444.44444,45.0,0.0,45,0.0,0,0,0.0,0.0,0,0,0,40,20,22222.22222,0,12.0,0,0,1,0,0,1,29200,0,0.0,0.0,0,0,0.0,PortScan,PortScan,PortScan,-0.09386948670959805,False
80,315018,3,26,20,0,8.666666667,10135,0,36928.04856,25.39537423,45002.57143,118647.2482,5,331.5,178,315005,78751.25,156878.8045,5,0,0,72,112,15.8721089,0,11200000.0,0,0,1,0,0,1,8192,229,0.0,0.0,0,0,0.0,DDoS,DDoS,DDoS,-0.3181704886922925,False
80,83935262,8,327,327,0,40.875,5792,0,142.0380388,0.166795214,6456558.615,23200000.0,1,12000000.0,1,147477,29495.4,58324.25131,46,0,0,264,200,0.071483663,0,2630188.886,0,0,0,1,0,0,296,235,1008.0,0.0,1008,1008,0.0,DoS Hulk,DoS Hulk,DoS Hulk,-0.4262636224479641,False
80,41091,3,26,20,0,8.666666667,7215,0,282957.3386,194.6898348,5870.142857,11399.65851,77,5222.0,152,40947,10236.75,14218.19701,77,0,0,72,112,121.6811467,0,5961738.111,0,0,1,0,0,1,8192,229,0.0,0.0,0,0,0.0,DDoS,DDoS,DDoS,-0.3317052508332622,False
80,1420003,4,24,6,6,6.0,0,0,16.90137274,2.816895457,473334.3333,818967.179,4,473334.3333,4,0,0.0,0.0,0,0,0,80,0,0.0,6,0.0,0,0,0,1,0,0,256,-1,0.0,0.0,0,0,0.0,DDoS,DDoS,DDoS,-0.050226682612560525,False
1494,88,1,2,2,2,2.0,6,6,90909.09091,22727.27273,88.0,0.0,88,0.0,0,0,0.0,0.0,0,0,0,24,20,11363.63636,2,5.333333333,0,0,1,0,0,1,1024,0,0.0,0.0,0,0,0.0,PortScan,PortScan,PortScan,-0.02526534385880419,False
80,585198,3,26,20,0,8.666666667,11595,0,19878.7419,11.96176337,97533.0,238385.0516,5,457.5,47,585183,195061.0,336947.5024,5,0,0,72,92,6.835293354,0,16800000.0,0,0,1,0,0,1,8192,229,0.0,0.0,0,0,0.0,DDoS,DDoS,DDoS,-0.3112282803221975,False
80,99224342,8,363,363,0,45.375,5792,0,120.5147826,0.14109441,7632641.692,27500000.0,0,14200000.0,0,1793,358.6,685.5124361,2,0,0,264,200,0.060469033,0,3229203.171,0,0,0,1,0,0,274,235,1013.0,0.0,1013,1013,0.0,DoS Hulk,DoS Hulk,DoS Hulk,-0.42392989404652626,False
443,60492604,13,1159,786,0,89.15384615,1483,2,84.10945576,0.413273662,2520525.167,4389164.939,125,5041050.333,564,60400000,5491611.273,5218080.396,221,0,0,272,244,0.198371358,0,190407.5815,0,0,1,0,0,0,8192,31440,119908.3333,86588.98319,296656,84297,92653.15127,BENIGN,BENIGN,BENIGN,-0.3948895993957948,False
80,100371823,8,370,370,0,46.25,4344,0,119.2067618,0.149444332,7169415.929,26800000.0,3,14300000.0,3,144672,24112.0,53603.13623,48,0,0,264,232,0.069740688,0,1651237.629,0,0,0,1,0,0,274,235,1981.0,0.0,1981,1981,0.0,DoS Hulk,DoS Hulk,DoS Hulk,-0.42753499019554797,False
80,80693318,8,56,20,0,7.0,10135,0,144.4605364,0.148711198,7335756.182,23600000.0,1,11500000.0,1,48367,16122.33333,21439.1943,196,0,0,172,92,0.049570399,0,7865583.974,0,0,0,1,0,0,256,229,2084993.0,0.0,2084993,2084993,0.0,DDoS,DDoS,DDoS,-0.43288659534528506,False
12577,49,2,31,31,0,15.5,0,0,632653.0612,40816.32653,49.0,0.0,49,49.0,49,0,0.0,0.0,0,1,0,40,0,0.0,0,320.3333333,0,0,0,1,0,0,60,-1,0.0,0.0,0,0,0.0,BENIGN,BENIGN,BENIGN,-0.07298665297807261,False
53,23729,2,64,32,32,32.0,48,48,6742.804164,168.5701041,7909.666667,13656.66099,3,47.0,47,3,3.0,0.0,3,0,0,40,40,84.28505205,32,76.8,0,0,0,0,0,1,-1,-1,0.0,0.0,0,0,0.0,BENIGN,BENIGN,BENIGN,0.011855597899844639,False
80,94611568,8,56,20,0,7.0,7215,0,123.2724523,0.137403917,7884297.333,23400000.0,3,13300000.0,3,1731792,432948.0,865286.0696,3,0,0,172,112,0.05284766,0,4731941.346,0,0,0,1,0,0,256,229,2105.0,0.0,2105,2105,49700000.0,DDoS,DDoS,DDoS,-0.43380011682349784,False
417,74,1,0,0,0,0.0,6,6,81081.08108,27027.02703,74.0,0.0,74,0.0,0,0,0.0,0.0,0,0,0,40,20,13513.51351,0,12.0,0,0,1,0,0,1,29200,0,0.0,0.0,0,0,0.0,PortScan,PortScan,PortScan,-0.0652354945801214,False
80,11128722,8,736,368,0,92.0,8688,0,1111.358519,1.168148508,927393.5,2127404.669,4,875519.7143,4,11100000,2782176.75,3118786.016,187,0,0,264,168,0.449287888,0,5653314.11,0,0,1,0,0,0,29200,235,203320.0,0.0,203320,203320,0.0,DoS GoldenEye,DoS GoldenEye,DoS GoldenEye,-0.30131555387223774,False
80,46110277,10,385,337,0,38.5,1460,0,161.0486964,0.477117064,2195727.476,4081468.081,33,4464976.444,158,46100000,4190456.0,4935170.506,49,0,0,212,300,0.260245671,0,348019.1186,0,0,1,0,0,1,8192,30,52855.25,75443.21004,166020,15073,24910.49683,BENIGN,BENIGN,BENIGN,-0.36018538539196643,False
56185,312,1,6,6,6,6.0,6,6,38461.5384615385,6410.2564102564,312.0,0.0,312,0.0,0,0,0.0,0.0,0,0,0,20,20,3205.1282051282,6,0.0,0,0,0,1,1,1,32,32850,0.0,0.0,0,0,0.0,BENIGN,BENIGN,BENIGN,-0.27207003986454636,False
80,98903886,6,300,300,0,50.0,5792,0,120.2682774,0.121329914,8991262.364,29800000.0,1,19800000.0,1,39637,7927.4,12729.56141,1,0,0,200,200,0.060664957,0,3293924.333,0,0,0,1,0,1,251,235,4.0,0.0,4,4,0.0,DoS Hulk,DoS Hulk,DoS Hulk,-0.42519340079323065,False
4443,43,1,2,2,2,2.0,6,6,186046.5116,46511.62791,43.0,0.0,43,0.0,0,0,0.0,0.0,0,0,0,24,20,23255.81395,2,5.333333333,0,0,1,0,0,1,1024,0,0.0,0.0,0,0,0.0,PortScan,PortScan,PortScan,-0.04845928302441527,False
49160,33,1,0,0,0,0.0,6,6,181818.1818,60606.06061,33.0,0.0,33,0.0,0,0,0.0,0.0,0,0,0,40,20,30303.0303,0,12.0,0,0,1,0,0,1,29200,0,0.0,0.0,0,0,0.0,PortScan,PortScan,PortScan,-0.24056262799317252,False
80,3002340,3,0,0,0,0.0,0,0,0.0,0.999220608,1501170.0,710796.4644,998561,1501170.0,998561,0,0.0,0.0,0,0,0,120,0,0.0,0,0.0,0,0,1,0,0,0,29200,-1,0.0,0.0,0,0,0.0,DoS slowloris,DoS slowloris,DoS slowloris,-0.10902418140996101,False
80,3,2,0,0,0,0.0,0,0,0.0,666666.6667,3.0,0.0,3,3.0,3,0,0.0,0.0,0,0,0,64,0,0.0,0,0.0,0,0,0,1,0,0,251,-1,0.0,0.0,0,0,0.0,DoS Hulk,DoS Hulk,DoS Hulk,-0.1866869562356256,False
80,98749069,4,328,322,0,82.0,5792,0,120.7403788,0.101266778,11000000.0,32900000.0,37,32900000.0,995,148449,29689.8,59768.33109,45,0,0,124,200,0.060760067,0,3335861.873,1,0,0,0,0,1,0,235,0.0,0.0,0,0,0.0,DoS Hulk,DoS Hulk,DoS Hulk,-0.42341961948831175,False
80,85492120,6,372,360,0,62.0,4344,0,139.9778132,0.152060798,7124343.333,24300000.0,55,17100000.0,1995,85500000,14200000.0,34800000.0,55,0,0,184,232,0.081878891,0,2450483.412,1,0,0,0,0,1,0,235,13988.0,0.0,13988,13988,0.0,DoS Hulk,DoS Hulk,DoS Hulk,-0.4264264658897029,False
80,243736,8,324,324,0,40.5,2896,0,62883.61178,73.85039551,14337.41176,40035.17992,4,34786.42857,79,122964,13662.66667,40156.39917,49,0,0,264,328,41.02799751,0,1049051.117,0,0,1,0,0,1,29200,235,0.0,0.0,0,0,0.0,BENIGN,BENIGN,BENIGN,-0.33349067816687716,False
80,168097,3,351,351,0,117.0,4344,0,71066.11064,53.5405153,21012.125,54601.31454,4,6019.0,4,168025,33605.0,68476.41712,15,0,0,104,200,35.69367687,0,2628557.156,0,0,1,0,0,2,29200,235,0.0,0.0,0,0,0.0,DoS Hulk,DoS Hulk,DoS Hulk,-0.32442841737018036,False
222,56,1,2,2,2,2.0,6,6,142857.1429,35714.28571,56.0,0.0,56,0.0,0,0,0.0,0.0,0,0,0,24,20,17857.14286,2,5.333333333,0,0,1,0,0,1,1024,0,0.0,0.0,0,0,0.0,PortScan,PortScan,PortScan,-0.02839050401911941,False
